1,"UV Protection, Riding Glasses, Gradient Retro Square Sunglasses (Free Size)",₹152
2,"UV Protection, Gradient, Night Vision, Riding Glasses Sunglass",₹341
3,"UV Protection, Riding Glasses, Mirrored Wayfarer Sunglasses (Free Size)",₹98
4,"2 PCS PREMIUM SAFETY GOGGLES HALLMARK EP 016 Gadgets Spets/Spects/Speds Dust Proof Day Night-Pack of 2 Blowtorch, Laboratory, Power Tool, Welding, Wood-working  Safety Goggle",₹154
5,"UV Protection, Night Vision,",₹234
6,"Riding Glasses, Toughened Glass Lens, Gradient, UV Protection Oval Sunglasses (55)",₹157
7,"UV Protection, Riding Glasses, Others Rectangular Sunglasses (Free Size)",₹130
8,"UV Protection, Riding Glasses, Gradient Retro Square Sunglasses (Free Size)",₹152
9,"Full Rim Clubmaster, Oval Anti Glare & Blue Cut Computer Glass For Men & Women",₹150
10,"UV Protection, Night Vision, Photochromatic Lens, Riding Glasses, Others Spectacle , Retro Square Sunglasses (Free Size)",₹138
11,"UV Protection, Mirrored, Riding Glasses Clubmaster Sunglasses (Free Size)",₹155
12,UV Protection Retro Square Sunglasses (Free Size),₹158
13,"Night Vision, Riding Glasses, UV Protection Rectangular Sunglasses (Free Size)",₹153
14,"Riding Glasses, UV Protection, Others Spectacle , Wayfarer Sunglasses (Free Size)",₹231
15,"Polarized, UV Protection, Riding Glasses Cat-eye, Wayfarer, Wrap-around Sunglasses (Free Size)",₹135
16,Riding Glasses Over-sized Sunglasses (20),₹180
17,"UV Protection, Riding Glasses, Others Rectangular, Over-sized Sunglasses (Free Size)",₹260
18,"UV Protection, Riding Glasses Rectangular Sunglasses (Free Size)",₹166
19,"Riding Glasses, Toughened Glass Lens, UV Protection Aviator, Rectangular, Clubmaster, Sports Sunglasses (Free Size)",₹150
20,"UV Protection, Riding Glasses, Night Vision Oval, Round, Spectacle  Sunglasses (Free Size)",₹150
21,"Riding Glasses, UV Protection, Night Vision, Polarized, Toughened Glass Lens, Others Clubmaster, Spectacle  Sunglasses (52)",₹244
22,"UV Protection, Riding Glasses, Others Rectangular Sunglasses (Free Size)",₹222
23,Full Rim Square Anti Glare & Blue Cut Computer Glass For Men & Women,₹719
24,"UV Protection, Toughened Glass Lens, Riding Glasses, Photochromatic Lens Aviator, Oval, Spectacle , Sports, Wrap-around, Retro Square Sunglasses (Free Size)",₹143
25,"Riding Glasses, UV Protection Aviator Sunglasses (55)",₹161
26,"Night Vision, Riding Glasses, UV Protection, Others Retro Square, Rectangular, Wayfarer Sunglasses (Free Size)",₹98
27,"Others, Riding Glasses, UV Protection Rectangular Sunglasses (Free Size)",₹155
28,Full Rim Rectangle Anti Glare & Blue Cut Computer Glass For Men & Women,₹302
29,"UV Protection, Riding Glasses Rectangular Sunglasses (54)",₹141
30,"UV Protection, Riding Glasses, Gradient Retro Square Sunglasses (Free Size)",₹144
31,"UV Protection, Mirrored, Riding Glasses Sports, Wrap-around, Over-sized, Rectangular Sunglasses (Free Size)",₹445
32,"Riding Glasses, UV Protection Rectangular, Over-sized Sunglasses (Free Size)",₹199
33,"Others, UV Protection, Riding Glasses, Polarized Retro Square, Over-sized, Clubmaster Sunglasses (15)",₹148
34,"UV Protection, Riding Glasses Rectangular Sunglasses (Free Size)",₹155
35,"UV Protection, Others, Toughened Glass Lens, Riding Glasses, Polarized Spectacle , Cat-eye Sunglasses (Free Size)",₹215
36,"UV Protection, Toughened Glass Lens Rectangular Sunglasses (55)",₹267
37,"Polarized, UV Protection, Riding Glasses Retro Square Sunglasses (54)",₹500
38,"UV Protection, Others, Toughened Glass Lens, Riding Glasses, Polarized Wayfarer, Retro Square Sunglasses (Free Size)",₹164
39,Full Rim Rectangle Anti Glare & Blue Cut Computer Glass For Men & Women,₹407
40,"Others, UV Protection, Riding Glasses, Polarized Retro Square Sunglasses (Free Size)",₹157
41,"Riding Glasses, Toughened Glass Lens, Gradient, UV Protection Oval Sunglasses (55)",₹157
42,"UV Protection, Mirrored, Riding Glasses Clubmaster Sunglasses (Free Size)",₹155
43,Full Rim (+2.25) Rectangle Reading Glass For Men & Women,₹148
44,"UV Protection, Riding Glasses Wayfarer, Retro Square Sunglasses (55)",₹310
45,Full Rim (+1.25) Rectangle Reading Glass For Men & Women,₹169
46,Hustlr Full Rim Square Anti Glare & Blue Cut Computer Glass For Men & Women,₹899
47,UV Protection Retro Square Sunglasses (Free Size),₹158
48,"UV Protection, Riding Glasses, Others Rectangular, Over-sized Sunglasses (Free Size)",₹260
49,"Riding Glasses, Night Vision, UV Protection Sports, Wayfarer, Over-sized Sunglasses (Free Size)",₹110
50,"UV Protection, Riding Glasses Wayfarer, Retro Square Sunglasses (55)",₹322
51,"UV Protection, Riding Glasses, Gradient Retro Square Sunglasses (Free Size)",₹152
52,"UV Protection, Riding Glasses Rectangular Sunglasses (Free Size)",₹166
53,"UV Protection, Riding Glasses Retro Square, Wayfarer Sunglasses (Free Size)",₹259
54,"UV Protection, Gradient, Night Vision, Riding Glasses, Mirrored, Others Clubmaster, Spectacle  Sunglasses (Free Size)",₹170
55,"Polarized, Others, Riding Glasses Sports Sunglasses (58)",₹270
56,"Riding Glasses, UV Protection, Polarized, Gradient, Others Aviator, Round, Wayfarer Sunglasses (Free Size)",₹135
57,"UV Protection, Riding Glasses, Others Rectangular Sunglasses (Free Size)",₹222
58,"Riding Glasses, UV Protection, Night Vision, Polarized, Toughened Glass Lens, Others Clubmaster, Spectacle  Sunglasses (52)",₹244
59,"Riding Glasses, Toughened Glass Lens, UV Protection Round, Rectangular, Clubmaster, Sports Sunglasses (Free Size)",₹110
60,"UV Protection, Riding Glasses, Gradient Retro Square Sunglasses (Free Size)",₹121
61,"UV Protection, Gradient, Night Vision, Riding Glasses Sunglass",₹341
62,"Others, Riding Glasses, UV Protection Rectangular Sunglasses (Free Size)",₹155
63,"UV Protection, Night Vision, Gradient, Riding Glasses Wrap-around Sunglasses (Free Size)",₹146
64,"Riding Glasses, UV Protection, Night Vision, Gradient, Others Spectacle , Wayfarer Sunglasses (Free Size)",₹217
65,"UV Protection, Riding Glasses Sports, Wrap-around, Over-sized Sunglasses (Free Size)",₹166
66,"UV Protection, Riding Glasses Retro Square Sunglasses (57)",₹854
67,Full Rim Rectangle Anti Glare & Blue Cut Computer Glass For Men & Women,₹302
68,"UV Protection, Mirrored, Riding Glasses Sports, Wrap-around, Over-sized, Rectangular Sunglasses (Free Size)",₹445
69,"UV Protection, Riding Glasses Rectangular Sunglasses (Free Size)",₹215
70,Full Rim (+1.75) Rectangle Reading Glass For Men & Women,₹250
71,"Riding Glasses, UV Protection Rectangular, Over-sized Sunglasses (Free Size)",₹199
72,"Polarized, UV Protection, Riding Glasses Retro Square Sunglasses (54)",₹500
73,Full Rim Square Computer Glass For Men & Women,₹350
74,Full Rim Round Anti Glare & Blue Cut Computer Glass For Men & Women,₹539
75,"UV Protection, Riding Glasses, Others Sports Sunglasses (50)",₹160
76,"UV Protection, Riding Glasses, Others Rectangular, Over-sized Sunglasses (Free Size)",₹260
77,"UV Protection, Others, Toughened Glass Lens, Riding Glasses, Polarized Wayfarer, Retro Square Sunglasses (Free Size)",₹164
78,Full Rim Square Anti Glare & Blue Cut Computer Glass For Men & Women,₹206
79,Riding Glasses Retro Square Sunglasses (Free Size),₹130
80,Full Rim Square Computer Glass For Men & Women,₹270
81,"Riding Glasses, Toughened Glass Lens, Gradient, UV Protection Oval Sunglasses (55)",₹157
82,"UV Protection, Mirrored, Riding Glasses Clubmaster Sunglasses (Free Size)",₹155
83,"Riding Glasses, UV Protection Oval Sunglasses (Free Size)",₹146
84,"UV Protection, Riding Glasses, Night Vision, Photochromatic Lens, Others Retro Square, Rectangular, Sports, Wrap-around, Spectacle  Sunglasses (56)",₹145
85,"UV Protection, Riding Glasses Sports, Wrap-around Sunglasses (59)",₹436
86,"UV Protection, Riding Glasses, Polarized Retro Square Sunglasses (Free Size)",₹136
87,UV Protection Retro Square Sunglasses (Free Size),₹158
88,"UV Protection, Riding Glasses, Others Rectangular, Over-sized Sunglasses (Free Size)",₹260
89,"UV Protection, Riding Glasses, Others Rectangular Sunglasses (Free Size)",₹155
90,"UV Protection, Photochromatic Lens, Riding Glasses, Gradient Wayfarer, Retro Square, Sports, Wrap-around Sunglasses (Free Size)",₹127
91,"UV Protection, Riding Glasses, Gradient Retro Square Sunglasses (Free Size)",₹152
92,"UV Protection, Riding Glasses Rectangular Sunglasses (Free Size)",₹166
93,"UV Protection, Riding Glasses, Night Vision, Gradient Rectangular, Wrap-around Sunglasses (Free Size)",₹129
94,"UV Protection, Riding Glasses Rectangular Sunglasses (Free Size)",₹216
95,"UV Protection, Riding Glasses Clubmaster Sunglasses (Free Size)",₹148
96,"UV Protection, Polarized, Gradient, Riding Glasses Round, Oval Sunglasses (54)",₹270
97,"UV Protection, Riding Glasses, Others Rectangular Sunglasses (Free Size)",₹222
98,"Riding Glasses, UV Protection, Night Vision, Polarized, Toughened Glass Lens, Others Clubmaster, Spectacle  Sunglasses (52)",₹244
99,Full Rim Square Blue Cut Computer Glass For Men & Women,₹138
100,"UV Protection, Night Vision, Riding Glasses Round Sunglasses (Free Size)",₹305
101,"UV Protection, Gradient, Night Vision, Riding Glasses Sunglass",₹341
102,"Others, Riding Glasses, UV Protection Rectangular Sunglasses (Free Size)",₹155
103,"Night Vision, UV Protection, Riding Glasses Wrap-around, Spectacle  Sunglasses (Free Size)",₹132
104,Full Rim Square Anti Glare & Blue Cut Computer Glass For Men & Women,₹130
105,"UV Protection, Riding Glasses Sunglass",₹261
106,"Gradient, UV Protection, Riding Glasses Aviator Sunglasses (Free Size)",₹444
107,Full Rim Rectangle Anti Glare & Blue Cut Computer Glass For Men & Women,₹302
108,"UV Protection, Mirrored, Riding Glasses Sports, Wrap-around, Over-sized, Rectangular Sunglasses (Free Size)",₹445
109,"UV Protection, Riding Glasses, Gradient Retro Square, Rectangular Sunglasses (Free Size)",₹234
110,"Riding Glasses, Others Wayfarer, Clubmaster, Sports Sunglasses (55)",₹174
111,"Riding Glasses, UV Protection Rectangular, Over-sized Sunglasses (Free Size)",₹199
112,"Polarized, UV Protection, Riding Glasses Retro Square Sunglasses (54)",₹500
113,"Riding Glasses, UV Protection Rectangular, Over-sized Sunglasses (Free Size)",₹199
114,Full Rim Square Anti Glare & Blue Cut Computer Glass For Men & Women,₹629
115,"UV Protection, Riding Glasses Round Sunglasses (Free Size)",₹175
116,"Others, Riding Glasses, UV Protection Rectangular Sunglasses (Free Size)",₹155
117,"UV Protection, Others, Toughened Glass Lens, Riding Glasses, Polarized Wayfarer, Retro Square Sunglasses (Free Size)",₹164
118,Full Rim Square Anti Glare & Blue Cut Computer Glass For Men & Women,₹206
119,"UV Protection, Riding Glasses Sunglass",₹211
120,"Riding Glasses, UV Protection, Polarized, Toughened Glass Lens, Others Spectacle , Aviator Sunglasses (Free Size)",₹310
